,Tempi,Vout (RC=1),Vout (RC=0.1),Vout (RC=0.01)
0,0.0,0.0,0.0,0.0
1,0.01,0.00995017810930795,0.09516256786567275,0.632120543627901
2,0.02,0.019801323182094866,0.1812692373015466,0.8646647365005864
3,0.03,0.02955445313725777,0.259181786861844,0.9502129537230485
4,0.04,0.03921054681113326,0.3296799433725523,0.9816843623152357
5,0.05,0.048770560560927274,0.39346932937055995,0.993262052565843
6,0.06,0.05823545077181068,0.45118835274892144,0.9975212498937577
7,0.07,0.06760616415832821,0.503414684631278,0.9990881208299714
8,0.08,0.07688363782815553,0.5506710217838703,0.9996645388766688
9,0.09,0.08606879953832304,0.5934303050042766,0.9998765895337077
10,0.1,0.0951625678559652,0.6321205463723131,0.9999545989046688
11,0.11,0.10416585257273145,0.6671289180737084,0.9999832980827508
12,0.12,0.11307955178947271,0.6988057992001584,0.9999938561635701
13,0.13,0.1219045578087348,0.7274682178625639,0.9999977414141524
14,0.14,0.13064175357076602,0.7534030484399045,0.9999991701438521
15,0.15,0.13929201270311592,0.7768698528566927,0.9999996928717461
16,0.16,0.1478562004185602,0.7981034951822094,0.9999998869729524
17,0.17,0.15633517291985533,0.8173164899794004,0.9999999598124775
18,0.18,0.16472977835118321,0.8347011282590301,0.9999999849450523
19,0.19,0.1730408560697619,0.8504313999084562,0.9999999941461685
20,0.2,0.18126923730010397,0.8646647374887925,0.9999999977914513
21,0.21,0.1894157458622539,0.8775435918637787,0.999999999422507
22,0.22,0.1974811964391934,0.8891968626217421,1.0000000006134526
23,0.23,0.20546639535548938,0.8997411779388723,1.0000000009391137
24,0.24,0.2133721407620175,0.9092820674541453,1.0000000007557148
25,0.25,0.22119922273433676,0.9179150222910276,1.0000000008256225
26,0.26,0.2289484233710638,0.9257264422343324,1.0000000006623921
27,0.27,0.2366205168922475,0.9327945068416269,1.0000000004239833
28,0.28,0.24421626988705342,0.9391899569471837,1.000000000307457
29,0.29,0.25173644251994004,0.9449767997284183,1.0000000001909304
30,0.3,0.25918178695540656,0.9502129540813334,1.0000000001151625
31,0.31,0.2665530478062472,0.9549508142450291,1.0000000001113898
32,0.32,0.27385096245387885,0.9592378039509609,1.000000000107617
33,0.33,0.2810762611572379,0.963116837300988,1.0000000001038443
34,0.34,0.2882296671616783,0.9666267307778246,1.0000000001000715
35,0.35000000000000003,0.2953118968078689,0.9698026183524145,1.0000000000962987
36,0.36,0.3023236595539022,0.9726762792842519,1.000000000092526
37,0.37,0.30926565543176765,0.9752764750319497,1.0000000000887532
38,0.38,0.3161385777159093,0.9776292284071633,1.0000000000849805
39,0.39,0.32294311359194816,0.9797580893498076,1.0000000000812077
40,0.4,0.32967994335353573,0.9816843624493329,1.000000000077435
41,0.41000000000000003,0.3363497404682819,0.9834273256868148,1.0000000000736622
42,0.42,0.3429531716436824,0.9850044235877768,1.0000000000698894
43,0.43,0.3494908969678137,0.9864314410396333,1.0000000000661167
44,0.44,0.35596357050574895,0.9877226597930653,1.000000000062344
45,0.45,0.3623718396162331,0.98889100338813,1.0000000000585711
46,0.46,0.3687163451721342,0.9899481643080212,1.0000000000547984
47,0.47000000000000003,0.3749977217237134,0.9909047227159259,1.0000000000510256
48,0.48,0.38121659757310855,0.9917702524353608,1.0000000000472526
49,0.49,0.38737359484881806,0.9925534164646241,1.0000000000434799
50,0.5,0.3934693293746327,0.993262052615229,1.0000000000397071
51,0.51,0.39950441030776357,0.9939032528798922,1.0000000000359344
52,0.52,0.4054794411232273,0.9944834345995963,1.0000000000321616
53,0.53,0.41139501933821915,0.9950084052211907,1.0000000000283888
54,0.54,0.41725173654139286,0.9954834183506398,1.000000000024616
55,0.55,0.42305017845742887,0.9959132282767098,1.0000000000208433
56,0.56,0.4287909250116013,0.9963021372653428,1.0000000000170706
57,0.5700000000000001,0.43447455025729853,0.9966540359487347,1.0000000000132978
58,0.58,0.4401016224211506,0.996972447141142,1.000000000009525
59,0.59,0.44567270421243,0.9972605573004828,1.0000000000057523
60,0.6,0.4511883527572624,0.9975212499135084,1.0000000000037146
61,0.61,0.45664911965878463,0.9977571347071948,1.0000000000035925
62,0.62,0.46205555105816104,0.99797057157231,1.0000000000034703
63,0.63,0.4674081876920391,0.9981636977589124,1.0000000000033482
64,0.64,0.4727075647297861,0.9983384449818214,1.000000000003226
65,0.65,0.4779542120136853,0.9984965631256337,1.000000000003104
66,0.66,0.48314865421597725,0.9986396341280944,1.0000000000029818
67,0.67,0.4882914108047992,0.9987690906856406,1.0000000000028597
68,0.68,0.49338299610136505,0.9988862279684303,1.0000000000027374
69,0.6900000000000001,0.4984239193371443,0.9989922173267184,1.0000000000026152
70,0.7000000000000001,0.5034146846345217,0.9990881208377557,1.0000000000024931
71,0.71,0.508355791066423,0.9991748975150665,1.000000000002371
72,0.72,0.513247732583989,0.999253416478884,1.0000000000022489
73,0.73,0.5180909984019966,0.9993244635384171,1.0000000000021267
74,0.74,0.5228860728779554,0.9993887492920397,1.0000000000020046
75,0.75,0.527633435567659,0.9994469177974252,1.0000000000018825
76,0.76,0.5323335612801701,0.9994995505212467,1.0000000000017604
77,0.77,0.5369869200101599,0.9995471745982203,1.000000000001638
78,0.78,0.5415939766758211,0.9995902667146614,1.000000000001516
79,0.79,0.5461551919085219,0.9996292579391768,1.0000000000013938
80,0.8,0.5506710218168169,0.9996645388798565,1.0000000000012716
81,0.81,0.5551419179935566,0.9996964622853706,1.0000000000011495
82,0.8200000000000001,0.5595683275647775,0.9997253477288952,1.0000000000010274
83,0.8300000000000001,0.5639506932379392,0.9997514844377499,1.0000000000009053
84,0.84,0.5682894533495063,0.9997751339644475,1.0000000000007832
85,0.85,0.5725850419118761,0.9997965334160863,1.0000000000006608
86,0.86,0.576837888659652,0.9998158962598874,1.0000000000005387
87,0.87,0.5810484190952632,0.9998334156905704,1.0000000000004166
88,0.88,0.5852170545339294,0.9998492674992256,1.0000000000002944
89,0.89,0.5893442121479713,0.9998636108763359,1.0000000000001723
90,0.9,0.5934303050088259,0.9998765895312997,1.0000000000000782
91,0.91,0.5974757417123896,0.9998883325936937,1.0000000000000382
92,0.92,0.6014809262870278,0.9998989585590541,1.0000000000000162
93,0.93,0.6054462584124671,0.9999085740937173,1.0000000000000118
94,0.9400000000000001,0.6093721336569599,0.9999172742452647,1.000000000000007
95,0.9500000000000001,0.6132589450611415,0.9999251466018861,1.000000000000004
96,0.96,0.6171070817603025,0.9999322700531078,1.0000000000000029
97,0.97,0.6209169296410538,0.9999387151748604,1.0000000000000016
98,0.98,0.624688869301932,0.9999445470549023,1.0000000000000007
99,0.99,0.6284232774133612,0.9999498243201536,1.0000000000000004
100,1.0,0.6321205076051035,0.9999545907268729,0.9999999998150464
101,1.01,0.6158806850638766,0.8096337493872756,-0.2642411260026716
102,1.02,0.5998024035893701,0.6374243318641138,-0.7293294310466335
103,1.03,0.5838841037017788,0.4816028031911196,-0.9004258568894609
104,1.04,0.5681241935460145,0.3406096507840364,-0.963368715224248
105,1.05,0.5525210970891938,0.2130337735570487,-0.9865241018756971
106,1.06,0.5370732534749899,0.097598346237507,-0.9950424935602302
107,1.07,0.5217791176493773,-0.006851947607184959,-0.9981762357603483
108,1.08,0.5066371602361788,-0.10136248192157131,-0.999329076081095
109,1.09,0.49164586720292475,-0.18687915113979356,-0.9997531819511136
110,1.1,0.4768037396977567,-0.26425782702374934,-0.9999091985082134
111,1.11,0.46210929388633043,-0.33427294971479915,-0.9999665947954183
112,1.12,0.4475610607887198,-0.3976252540838098,-0.9999877115388208
113,1.1300000000000001,0.43315758611631955,-0.454948789877187,-0.9999954791030761
114,1.1400000000000001,0.4188974298968262,-0.506817270033404,-0.9999983387330136
115,1.1500000000000001,0.40477916562398514,-0.5537498119321738,-0.9999993875506391
116,1.16,0.3908013814487591,-0.5962161317410322,-0.9999997726288912
117,1.17,0.37696267954844276,-0.634641247025496,-0.9999999180837056
118,1.18,0.3632616758703768,-0.6694097285812016,-0.9999999705723639
119,1.19,0.3496969999620747,-0.7008695497935558,-0.999999988536096
120,1.2,0.33626729480135165,-0.7293355747081852,-0.9999999956278437
121,1.21,0.3229712166264528,-0.7550926988956506,-0.9999999983444013
122,1.22,0.30980743476618156,-0.778398708747554,-0.9999999995597176
123,1.23,0.2967746329764648,-0.7994868591625649,-1.0000000005273662
124,1.24,0.28387150950255835,-0.8185682058148728,-1.0000000008843248
125,1.25,0.27109677410725164,-0.8358337235349125,-1.0000000006305936
126,1.26,0.25844914939040764,-0.8514562093916886,-1.0000000006935115
127,1.27,0.24592737066574877,-0.8655920194740834,-1.0000000006508283
128,1.28,0.23353018582588914,-0.8783826293801289,-1.0000000004569798
129,1.29,0.22125635520736725,-0.8899560516208146,-1.0000000002845117
130,1.3,0.20910465148370977,-0.900428117669376,-1.0000000002090392
131,1.31,0.1970738595510969,-0.9099036343985617,-1.0000000001335667
132,1.32,0.1851627763181953,-0.9184774361418437,-1.0000000000749694
133,1.33,0.17337021060668426,-0.9262353311284464,-1.000000000072785
134,1.34,0.16169498301814006,-0.9332549672633229,-1.0000000000706002
135,1.35,0.15013592579987195,-0.9396065959338974,-1.0000000000684157
136,1.36,0.13869188271075783,-0.9453537881675019,-1.000000000066231
137,1.37,0.127361709238697,-0.950554061580207,-1.0000000000640465
138,1.3800000000000001,0.11614427299251188,-0.9552594645608117,-1.0000000000618618
139,1.3900000000000001,0.1050384522633189,-0.9595170884184175,-1.0000000000596774
140,1.4000000000000001,0.09404313643812065,-0.9633695469029756,-1.0000000000574927
141,1.41,0.08315722591502815,-0.9668553949249457,-1.0000000000553082
142,1.42,0.07237963198183846,-0.9700095210037838,-1.0000000000531235
143,1.43,0.061709276694614734,-0.9728634916254987,-1.000000000050939
144,1.44,0.05114509292255833,-0.9754458717996718,-1.0000000000487543
145,1.45,0.040686024646271364,-0.977782505636806,-1.0000000000465699
146,1.46,0.030331026000151314,-0.9798967797737022,-1.0000000000443852
147,1.47,0.02007906145804894,-0.9818098537316235,-1.0000000000422007
148,1.48,0.00992910575900562,-0.9835408749523139,-1.000000000040016
149,1.49,-0.0001198562063361927,-0.9851071674021202,-1.0000000000378315
150,1.5,-0.010068829509322336,-0.9865244078174119,-1.0000000000356468
151,1.51,-0.01991880917616355,-0.9878067797625503,-1.0000000000334623
152,1.52,-0.029670779821555804,-0.9889671180572884,-1.0000000000312776
153,1.53,-0.03932571658090764,-0.990017035331053,-1.0000000000290932
154,1.54,-0.04888458497167028,-0.9909670400075433,-1.0000000000269085
155,1.55,-0.05834834094023912,-0.9918266396342628,-1.000000000024724
156,1.56,-0.06771793096789047,-0.9926044377120331,-1.0000000000225393
157,1.57,-0.07699429217671831,-0.9933082183805352,-1.0000000000203548
158,1.58,-0.08617835223498772,-0.9939450255784755,-1.0000000000181701
159,1.59,-0.09527102951037619,-0.9945212324392919,-1.0000000000159857
160,1.6,-0.10427323294918218,-0.995042606105563,-1.000000000013801
161,1.61,-0.1131858628142605,-0.995514364425972,-1.0000000000116165
162,1.62,-0.12200981043208145,-0.9959412290832286,-1.0000000000094318
163,1.6300000000000001,-0.1307459582955938,-0.9963274721160135,-1.0000000000072473
164,1.6400000000000001,-0.13939518016605687,-0.9966769591415326,-1.0000000000050626
165,1.6500000000000001,-0.1479583411050927,-0.9969931875855903,-1.0000000000028781
166,1.6600000000000001,-0.15643629694514155,-0.9972793234751237,-1.0000000000021414
167,1.67,-0.16482989532269024,-0.9975382301665184,-1.0000000000020781
168,1.68,-0.17313997560629088,-0.9977724987246731,-1.0000000000020148
169,1.69,-0.18136736884431615,-0.9979844741226672,-1.0000000000019518
170,1.7,-0.18951289785273062,-0.9981762778656759,-1.0000000000018885
171,1.71,-0.19757737730150415,-0.9983498281908005,-1.0000000000018252
172,1.72,-0.20556161379966933,-0.9985068633509416,-1.000000000001762
173,1.73,-0.21346640597902206,-0.9986489543113929,-1.0000000000016989
174,1.74,-0.2212925445764655,-0.9987775234121721,-1.0000000000016356
175,1.75,-0.2290408125149978,-0.9988938578970429,-1.0000000000015723
176,1.76,-0.23671198471978838,-0.9989991211560634,-1.000000000001509
177,1.77,-0.24430682788248936,-0.9990943677199011,-1.0000000000014457
178,1.78,-0.25182610150665996,-0.9991805500623383,-1.0000000000013827
179,1.79,-0.2592705575396353,-0.9992585310855546,-1.0000000000013194
180,1.8,-0.2666409404126053,-0.999329091345777,-1.000000000001256
181,1.81,-0.2739379871052934,-0.9993929366941091,-1.0000000000011928
182,1.82,-0.28116242720894546,-0.9994507066308406,-1.0000000000011298
183,1.83,-0.2883149829876292,-0.9995029787983507,-1.0000000000010665
184,1.84,-0.2953963694378444,-0.9995502767199682,-1.0000000000010032
185,1.85,-0.30240729434644353,-0.9995930737685071,-1.00000000000094
186,1.86,-0.3093484583556275,-0.9996317977885213,-1.0000000000008769
187,1.87,-0.31622055616070976,-0.9996668369755456,-1.0000000000008136
188,1.8800000000000001,-0.32302427560977437,-0.9996985417019618,-1.0000000000007503
189,1.8900000000000001,-0.32976029709285315,-0.9997272298299225,-1.000000000000687
190,1.9000000000000001,-0.3364292942170817,-0.9997531879333147,-1.000000000000624
191,1.9100000000000001,-0.3430319338702989,-0.9997766749289082,-1.0000000000005607
192,1.92,-0.3495688762836196,-0.9997979263285455,-1.0000000000004974
193,1.93,-0.3560407750929797,-0.9998171554035661,-1.000000000000434
194,1.94,-0.36244827739965274,-0.9998345548709029,-1.0000000000003708
195,1.95,-0.36879202382974,-0.9998502979900369,-1.0000000000003078
196,1.96,-0.3750726485926328,-0.9998645434904073,-1.0000000000002445
197,1.97,-0.38129077956904034,-0.9998774339763338,-1.0000000000001812
198,1.98,-0.38744703871453545,-0.9998890973889278,-1.000000000000118
199,1.99,-0.39354204208163984,-0.9998996512461225,-1.0000000000000633
200,2.0,-0.3995763606292007,-0.9999091742612396,-1.000000000000063
201,2.0100000000000002,-0.3856503431601045,-0.809592703599655,-1.000000000000063
202,2.02,-0.37186289188006844,-0.6373871931196601,-1.0000000000000628
203,2.0300000000000002,-0.3582126280051855,-0.48156919854143976,-1.0000000000000626
204,2.04,-0.3446981864758268,-0.34057924295305086,-1.0000000000000624
205,2.05,-0.33131821587766397,-0.2130062593768204,-1.0000000000000622
206,2.06,-0.31807137827644605,-0.09757345032763395,-1.000000000000062
207,2.07,-0.30495634897394897,0.00687447441159432,-1.0000000000000617
208,2.08,-0.29197181643518944,0.10138286481347962,-1.0000000000000617
209,2.09,-0.2791164821464219,0.18689759443502033,-1.0000000000000615
210,2.1,-0.26638906050734984,0.2642745161622798,-1.0000000000000613
211,2.11,-0.25378827884660426,0.3342880508668271,-1.000000000000061
212,2.12,-0.24131287707281132,0.3976389177362346,-1.0000000000000608
213,2.13,-0.22896160760118928,0.4549611531913288,-1.0000000000000606
214,2.14,-0.21673323529608698,0.5068284568034395,-1.0000000000000606
215,2.15,-0.2046265373408563,0.5537599341453928,-1.0000000000000604
216,2.16,-0.1926403030470506,0.5962252907794193,-1.0000000000000602
217,2.17,-0.18077333376129287,0.634649534480246,-1.00000000000006
218,2.18,-0.16902444279677714,0.6694172276366757,-1.0000000000000597
219,2.19,-0.15739245526126122,0.7008763352063013,-1.0000000000000595
220,2.2,-0.1458762079330738,0.7293417145368541,-1.0000000000000593
221,2.21,-0.13447454916654522,0.7550982540089329,-1.0000000000000593
222,2.22,-0.12318633880865712,0.778403735595333,-1.000000000000059
223,2.23,-0.11201044802871478,0.7994914073882057,-1.0000000000000588
224,2.24,-0.1009457592106506,0.8185723213849145,-1.0000000000000586
225,2.25,-0.08999116598488954,0.8358374473483344,-1.0000000000000584
226,2.2600000000000002,-0.07914557299448775,0.8514595786552834,-1.0000000000000582
227,2.27,-0.06840789569036325,0.8655950683594935,-1.000000000000058
228,2.2800000000000002,-0.05777706029393784,0.8783853879152587,-1.000000000000058
229,2.29,-0.047252003684101054,0.8899585478245853,-1.0000000000000577
230,2.3000000000000003,-0.03683167328548575,0.9004303762026848,-1.0000000000000575
231,2.31,-0.026515026958069853,0.9099056780220701,-1.0000000000000573
232,2.32,-0.016301032888090292,0.9184792856536356,-1.000000000000057
233,2.33,-0.00618866948028033,0.9262370045320149,-1.0000000000000568
234,2.34,0.0038230747481286242,0.9332564813077948,-1.0000000000000568
235,2.35,0.01373520083945802,0.9396079658328763,-1.0000000000000566
236,2.36,0.023548699753458885,0.9453550277957569,-1.0000000000000564
237,2.37,0.03326455286753524,0.9505551832266995,-1.0000000000000562
238,2.38,0.042883731783774484,0.9552604795106572,-1.000000000000056
239,2.39,0.05240719842100156,0.9595180067347101,-1.0000000000000557
240,2.4,0.06183590510516318,0.9633703777995849,-1.0000000000000555
241,2.41,0.07117079465805555,0.9668561467424498,-1.0000000000000555
242,2.42,0.08041280048438236,0.9700102013556781,-1.0000000000000553
243,2.43,0.08956284665715618,0.97286410721154,-1.000000000000055
244,2.44,0.09862184800143016,0.975446428787969,-1.0000000000000548
245,2.45,0.10759071058132545,0.9777830096008274,-1.0000000000000546
246,2.46,0.1164703316532524,0.9798972357990472,-1.0000000000000544
247,2.47,0.12526159919881064,0.9818102663545463,-1.0000000000000544
248,2.48,0.13396539234964466,0.9835412483321165,-1.0000000000000542
249,2.49,0.14258258147137298,0.9851075052347675,-1.000000000000054
250,2.5,0.15111402824595607,0.9865247134931006,-1.0000000000000537
251,2.5100000000000002,0.15956058575277215,0.9878070563431931,-1.0000000000000535
252,2.52,0.1679230985483892,0.9889673683386789,-1.0000000000000533
253,2.5300000000000002,0.17620240274504456,0.9900172617885051,-1.000000000000053
254,2.54,0.1843993260878208,0.990967244915434,-1.000000000000053
255,2.5500000000000003,0.19251468835775842,0.9918268250352685,-1.0000000000000528
256,2.56,0.20054930145100952,0.9926046054737075,-1.0000000000000526
257,2.57,0.2085039688444585,0.9933083701747184,-1.0000000000000524
258,2.58,0.2163794860147079,0.9939451629361925,-1.0000000000000522
259,2.59,0.22417664051906264,0.9945213567208665,-1.000000000000052
260,2.6,0.23189621207290273,0.995042718559079,-1.000000000000052
261,2.61,0.23953897262609192,0.9955144661752637,-1.0000000000000517
262,2.62,0.24710568643843267,0.9959413211557324,-1.0000000000000515
263,2.63,0.25459711015415687,0.9963275554240438,-1.0000000000000513
264,2.64,0.2620139928754627,0.996677034601135,-1.000000000000051
265,2.65,0.26935707631337313,0.996993255918009,-1.0000000000000508
266,2.66,0.2766270948909181,0.997279385153227,-1.0000000000000506
267,2.67,0.2838247756223179,0.9975382859672133,-1.0000000000000506
268,2.68,0.2909508382825411,0.9977725491943755,-1.0000000000000504
269,2.69,0.2980059954802712,0.9979845196465381,-1.0000000000000502
270,2.7,0.3049909527278979,0.9981763190498799,-1.00000000000005
271,2.71,0.31190640851063917,0.9983498656033176,-1.0000000000000497
272,2.72,0.31875305435480233,0.9985068970987668,-1.0000000000000495
273,2.73,0.3255315748951762,0.9986489850525302,-1.0000000000000493
274,2.74,0.3322426479415628,0.9987775510904,-1.0000000000000493
275,2.75,0.3388869446102526,0.9988938829552148,-1.000000000000049
276,2.7600000000000002,0.34546512944617125,0.99899914387157,-1.0000000000000488
277,2.77,0.35197786028051775,0.9990943881893435,-1.0000000000000486
278,2.7800000000000002,0.35842578839277917,0.9991805687196657,-1.0000000000000484
279,2.79,0.364809558579134,0.9992585478836873,-1.0000000000000482
280,2.8000000000000003,0.3711298092159652,0.9993291065875831,-1.0000000000000482
281,2.81,0.3773871723225969,0.9993929504643304,-1.000000000000048
282,2.82,0.3835822736232622,0.9994507190484972,-1.0000000000000477
283,2.83,0.3897157326082971,0.9995029901031196,-1.0000000000000475
284,2.84,0.3957881625945614,0.9995502868929742,-1.0000000000000473
285,2.85,0.40180017082696357,0.9995930829024,-1.000000000000047
286,2.86,0.4077523585977788,0.9996318061477748,-1.0000000000000469
287,2.87,0.4136453211393257,0.999666844518758,-1.0000000000000469
288,2.88,0.41947964775421476,0.9996985484921329,-1.0000000000000466
289,2.89,0.42525592187862843,0.9997272358458271,-1.0000000000000464
290,2.9,0.43097472113974267,0.9997531934801213,-1.0000000000000462
291,2.91,0.4366366174124507,0.9997766801601676,-1.000000000000046
292,2.92,0.44224217687538026,0.9997979311854611,-1.0000000000000457
293,2.93,0.4477919600662133,0.9998171596820857,-1.0000000000000457
294,2.94,0.4532865219362989,0.9998345588126688,-1.0000000000000455
295,2.95,0.45872641191767144,0.9998503016742952,-1.0000000000000453
296,2.96,0.46411217403131494,0.9998645464686915,-1.000000000000045
297,2.97,0.46944434690638437,0.9998774367238227,-1.0000000000000449
298,2.98,0.47472346384927194,0.9998890999643826,-1.0000000000000446
299,2.99,0.4799500527079605,0.9998996533369119,-1.0000000000000444
300,3.0,0.4851245943767469,0.9999092022847669,-1.0000000000000444
301,3.0100000000000002,0.4703473846918796,0.8095927268562779,-1.0000000000000442
302,3.02,0.4557171837723418,0.6373872194606469,-1.000000000000044
303,3.0300000000000002,0.441232555740371,0.4815692301894011,-1.0000000000000437
304,3.04,0.42689205219871806,0.34057928051224673,-1.0000000000000435
305,3.0500000000000003,0.41269423905271435,0.21300630227791267,-1.0000000000000433
306,3.06,0.39863769650475916,0.09757349504106524,-1.0000000000000433
307,3.0700000000000003,0.38472101841798706,-0.0068744431102324005,-1.000000000000043
308,3.08,0.37094281243214533,-0.10138283448732627,-1.0000000000000429
309,3.09,0.3573017007041043,-0.18689756499854854,-1.0000000000000426
310,3.1,0.3437963192511272,-0.26427449230380945,-1.0000000000000424
311,3.11,0.33042531780144085,-0.33428803173967664,-1.0000000000000422
312,3.12,0.31718735964639544,-0.3976389017494024,-1.000000000000042
313,3.13,0.30408112149263333,-0.4549611404231074,-1.000000000000042
314,3.14,0.291105293314249,-0.506828449767287,-1.0000000000000417
315,3.15,0.27825857820495764,-0.5537599321632459,-1.0000000000000415
316,3.16,0.2655396921834717,-0.5962252917205219,-1.0000000000000413
317,3.17,0.2529473628808613,-0.634649537735348,-1.000000000000041
318,3.18,0.24048033079020503,-0.6694172336682648,-1.0000000000000409
319,3.19,0.22813734923216622,-0.7008763460641338,-1.0000000000000409
320,3.2,0.21591718379322467,-0.7293417271869348,-1.0000000000000406
321,3.21,0.2038186121710214,-0.7550982686896636,-1.0000000000000404
322,3.22,0.1918404240196947,-0.7784037515892335,-1.0000000000000402
323,3.23,0.17998142079522464,-0.7994914277880282,-1.00000000000004
324,3.24,0.16824041560076916,-0.818572339244759,-1.0000000000000397
325,3.25,0.15661623303200864,-0.8358374577747889,-1.0000000000000395
326,3.2600000000000002,0.14510770964900505,-0.8514595857647121,-1.0000000000000395
327,3.27,0.13371369672736538,-0.8655950739497942,-1.0000000000000393
328,3.2800000000000002,0.12243305539085209,-0.8783853931771064,-1.000000000000039
329,3.29,0.1112646577966993,-0.889958553027419,-1.0000000000000389
330,3.3000000000000003,0.10020738741609582,-0.9004303806396544,-1.0000000000000386
331,3.31,0.08926013892496379,-0.9099056829493835,-1.0000000000000384
332,3.3200000000000003,0.0784218180947296,-0.9184792907770681,-1.0000000000000382
333,3.33,0.06769134151780756,-0.92623701136342,-1.0000000000000382
334,3.34,0.057067635584074204,-0.9332564875645293,-1.000000000000038
335,3.35,0.04654963777999669,-0.939607972272061,-1.0000000000000377
336,3.36,0.036136296220372,-0.9453550321432664,-1.0000000000000375
337,3.37,0.02582656938934493,-0.9505551876119809,-1.0000000000000373
338,3.38,0.015619426017396474,-0.9552604828615654,-1.000000000000037
339,3.39,0.005513844958324856,-0.9595180105619672,-1.000000000000037
340,3.4,-0.004491184755768096,-0.9633703806619143,-1.0000000000000369
341,3.41,-0.014396662861522948,-0.9668561495366305,-1.0000000000000366
342,3.42,-0.02420357971075259,-0.9700102033448695,-1.0000000000000364
343,3.43,-0.03391291601023935,-0.9728641095847674,-1.0000000000000362
344,3.44,-0.0435256427339257,-0.9754464307249063,-1.000000000000036
345,3.45,-0.05304272122868327,-0.9777830116676697,-1.0000000000000357
346,3.46,-0.06246510332007486,-0.979897237262355,-1.0000000000000357
347,3.47,-0.07179373136738043,-0.9818102678783673,-1.0000000000000355
348,3.48,-0.0810295379674343,-0.9835412495007336,-1.0000000000000353
349,3.49,-0.09017344662117716,-0.9851075065995537,-1.000000000000035
350,3.5,-0.09922637173521279,-0.9865247145451664,-1.0000000000000349
351,3.5100000000000002,-0.10818921864865824,-0.9878070574132654,-1.0000000000000346
352,3.52,-0.11706288373312954,-0.9889673691037825,-1.0000000000000346
353,3.5300000000000002,-0.12584825449273396,-0.9900172626527705,-1.0000000000000344
354,3.54,-0.13454620961535677,-0.9909672456004028,-1.0000000000000342
355,3.5500000000000003,-0.14315761860731824,-0.9918268257926778,-1.000000000000034
356,3.56,-0.15168334251126303,-0.992604606022596,-1.0000000000000338
357,3.5700000000000003,-0.16012423391698954,-0.9933083707067113,-1.0000000000000335
358,3.58,-0.1684811369612871,-0.993945162818929,-1.0000000000000333
359,3.59,-0.1767548874213299,-0.9945213562715143,-1.0000000000000333
360,3.6,-0.18494631280806711,-0.9950427182369396,-1.000000000000033
361,3.61,-0.19305623230739521,-0.995514466127287,-1.0000000000000329
362,3.62,-0.201085456934779,-0.9959413217304001,-1.0000000000000326
363,3.63,-0.20903478928124927,-0.9963275572000477,-1.0000000000000324
364,3.64,-0.21690502431569542,-0.9966770365891429,-1.0000000000000322
365,3.65,-0.22469694911395735,-0.9969932591373649,-1.0000000000000322
366,3.66,-0.23241134294958565,-0.9972793884399781,-1.000000000000032
367,3.67,-0.24004897738367625,-0.9975382893438655,-1.0000000000000318
368,3.68,-0.24761061630202919,-0.9977725522738676,-1.0000000000000315
369,3.69,-0.25509701531647255,-0.997984522228464,-1.0000000000000313
370,3.7,-0.26250892283092514,-0.9981763205834826,-1.000000000000031
371,3.71,-0.2698470800220026,-0.9983498666814805,-1.0000000000000309
372,3.72,-0.2771122207252099,-0.9985068979131125,-1.0000000000000309
373,3.73,-0.28430507151390944,-0.9986489855664176,-1.0000000000000306
374,3.74,-0.29142635177718096,-0.9987775525777233,-1.0000000000000304
375,3.75,-0.29847677379656384,-0.9988938840543319,-1.0000000000000302
376,3.7600000000000002,-0.3054570428216916,-0.9989991450480697,-1.00000000000003
377,3.77,-0.31236785714480836,-0.9990943892268878,-1.0000000000000298
378,3.7800000000000002,-0.319209908174178,-0.9991805693121873,-1.0000000000000298
379,3.79,-0.3259838805063748,-0.9992585487364645,-1.0000000000000295
380,3.8000000000000003,-0.33269045199746694,-0.9993291071643556,-1.0000000000000293
381,3.81,-0.33933029320783986,-0.9993929512235117,-1.000000000000029
382,3.8200000000000003,-0.345904067411682,-0.9994507198227947,-1.0000000000000289
383,3.83,-0.35241243203279143,-0.9995029906326355,-1.0000000000000286
384,3.84,-0.35885603794082216,-0.999550287428244,-1.0000000000000284
385,3.85,-0.36523552949770627,-0.9995930831953902,-1.0000000000000284
386,3.86,-0.37155154461349,-0.9996318065218173,-1.0000000000000282
387,3.87,-0.37780471480075295,-0.9996668449236059,-1.000000000000028
388,3.88,-0.3839956652276039,-0.9996985487994576,-1.0000000000000278
389,3.89,-0.39012501476926204,-0.9997272357825558,-1.0000000000000275
390,3.9,-0.396193376058214,-0.999753192754666,-1.0000000000000273
391,3.91,-0.4022013555329563,-0.9997766799721757,-1.000000000000027
392,3.92,-0.40814955348531423,-0.9997979323528149,-1.000000000000027
393,3.93,-0.41403856418638846,-0.9998171616317415,-1.0000000000000269
394,3.94,-0.41986897686891705,-0.9998345604158114,-1.0000000000000266
395,3.95,-0.4256413754708666,-0.9998503031981615,-1.0000000000000264
396,3.96,-0.4313563387954308,-0.9998645482900139,-1.0000000000000262
397,3.97,-0.43701443845111543,-0.9998774374257516,-1.000000000000026
398,3.98,-0.4426162396286461,-0.9998890998021569,-1.000000000000026
399,3.99,-0.448162301263215,-0.9998996535470657,-1.0000000000000258
400,4.0,-0.4536531727936953,-0.9999091867776914,-1.0000000000000255
401,4.01,-0.4391890820529143,-0.8095926631566572,-1.0000000000000253
402,4.0200000000000005,-0.4248689114179853,-0.6373871562195986,-1.000000000000025
403,4.03,-0.4106912288606844,-0.48156916819190815,-1.0000000000000249
404,4.04,-0.39665461660187007,-0.34057922606284474,-1.0000000000000246
405,4.05,-0.3827576709686712,-0.21300625141501695,-1.0000000000000246
406,4.0600000000000005,-0.368999002121468,-0.09757343272979066,-1.0000000000000244
407,4.07,-0.35537723382636155,0.006874494729600021,-1.0000000000000242
408,4.08,-0.34189100390555777,0.1013828831484706,-1.000000000000024
409,4.09,-0.3285389638683319,0.18689760979764516,-1.0000000000000238
410,4.1,-0.3153197787510612,0.26427453370360193,-1.0000000000000235
411,4.11,-0.30223212697078766,0.33428807027291474,-1.0000000000000235
412,4.12,-0.28927470017878704,0.39763894110689657,-1.0000000000000233
413,4.13,-0.2764462027542783,0.45496117792997054,-1.000000000000023
414,4.14,-0.2637453515295509,0.5068284818807246,-1.0000000000000229
415,4.15,-0.2511708764031583,0.5537599589554635,-1.0000000000000226
416,4.16,-0.23872151980856463,0.5962253154845516,-1.0000000000000224
417,4.17,-0.2263960365527046,0.6346495590938204,-1.0000000000000222
418,4.18,-0.21419319365980605,0.669417252567573,-1.0000000000000222
419,4.19,-0.20211177021531987,0.700876361889779,-1.000000000000022
420,4.2,-0.19015055838304734,0.7293417421137699,-1.0000000000000218
421,4.21,-0.1783083628500821,0.755098285556407,-1.0000000000000215
422,4.22,-0.16658399937777968,0.7784037591666693,-1.0000000000000213
423,4.23,-0.15497629545677355,0.7994914256888198,-1.000000000000021
424,4.24,-0.143484090174572,0.8185723347640378,-1.000000000000021
425,4.25,-0.13210623408314393,0.8358374600196354,-1.0000000000000209
426,4.26,-0.12084158907609009,0.8514595909472072,-1.0000000000000207
427,4.2700000000000005,-0.10968902897956029,0.8655950787953597,-1.0000000000000204
428,4.28,-0.09864743886059574,0.878385398239006,-1.0000000000000202
429,4.29,-0.08771571454852528,0.8899585579097152,-1.00000000000002
430,4.3,-0.07689276282522804,0.9004303851675782,-1.0000000000000198
431,4.3100000000000005,-0.06617750130478461,0.9099056865057528,-1.0000000000000198
432,4.32,-0.05556885831313393,0.918479293584085,-1.0000000000000195
433,4.33,-0.04506577279152556,0.9262370134387998,-1.0000000000000193
434,4.34,-0.03466719469843414,0.933256487758445,-1.000000000000019
435,4.3500000000000005,-0.024372084335356137,0.9396079722478379,-1.0000000000000189
436,4.36,-0.014179412174034952,0.9453550325485757,-1.0000000000000187
437,4.37,-0.0040881588962117694,0.9505551885825896,-1.0000000000000187
438,4.38,0.005902684718774528,0.9552604836205911,-1.0000000000000184
439,4.39,0.015794117906392187,0.9595180112535578,-1.0000000000000182
440,4.4,0.025587129865085476,0.9633703809986337,-1.000000000000018
441,4.41,0.03528269989140955,0.9668561501005786,-1.0000000000000178
442,4.42,0.0448817972080533,0.9700102040166723,-1.0000000000000175
443,4.43,0.05438538176654657,0.9728641102820741,-1.0000000000000173
444,4.44,0.0637944039877235,0.9754464310287364,-1.0000000000000173
445,4.45,0.07310980487093269,0.9777830119558938,-1.000000000000017
446,4.46,0.08233251610215309,0.9798972375403435,-1.0000000000000169
447,4.47,0.09146346004592158,0.9818102682839752,-1.0000000000000167
448,4.48,0.10050354930792678,0.9835412498260621,-1.0000000000000164
449,4.49,0.10945368779746024,0.9851075068986435,-1.0000000000000162
450,4.5,0.11831477054215067,0.9865247146889479,-1.000000000000016
451,4.51,0.12708768369706394,0.9878070576063505,-1.000000000000016
452,4.5200000000000005,0.1357733046381099,0.9889673693112757,-1.0000000000000158
453,4.53,0.14437250205400193,0.9900172628902993,-1.0000000000000155
454,4.54,0.152886136036782,0.990967245735283,-1.0000000000000153
455,4.55,0.16131505817089525,0.9918268259159939,-1.000000000000015
456,4.5600000000000005,0.16966011162082711,0.9926046061213546,-1.0000000000000149
457,4.57,0.17792213121108486,0.9933083708819592,-1.0000000000000149
458,4.58,0.18610194293582683,0.9939451634801915,-1.0000000000000147
459,4.59,0.1942003645477418,0.9945213573279196,-1.0000000000000144
460,4.6000000000000005,0.2022182059251736,0.9950427190019585,-1.0000000000000142
461,4.61,0.21015626885910854,0.9955144666477459,-1.000000000000014
462,4.62,0.21801534712382342,0.9959413215275454,-1.0000000000000138
463,4.63,0.22579622654572784,0.9963275558234486,-1.0000000000000135
464,4.64,0.23349968507041163,0.9966770350265995,-1.0000000000000135
465,4.65,0.24112649282789386,0.9969932567005755,-1.0000000000000133
466,4.66,0.24867741219607015,0.9972793854681241,-1.000000000000013
467,4.67,0.25615319786236806,0.9975382860801455,-1.0000000000000129
468,4.68,0.26355459735252573,0.9977725492226216,-1.0000000000000127
469,4.69,0.27088235177612163,0.9979845193787379,-1.0000000000000124
470,4.7,0.2781371939915091,0.998176318358059,-1.0000000000000124
471,4.71,0.28531984949287914,0.9983498656974543,-1.0000000000000122
472,4.72,0.29243103653978075,0.9985068969459857,-1.000000000000012
473,4.73,0.2994714662247722,0.9986489850152999,-1.0000000000000118
474,4.74,0.30644184253996853,0.9987775513204521,-1.0000000000000115
475,4.75,0.31334286244249604,0.9988938827590211,-1.0000000000000113
476,4.76,0.32017521591884107,0.9989991441830904,-1.000000000000011
477,4.7700000000000005,0.32693958604810286,0.9990943881219428,-1.000000000000011
478,4.78,0.33363664910249735,0.9991805687986507,-1.0000000000000109
479,4.79,0.3402670751486743,0.9992585480683405,-1.0000000000000107
480,4.8,0.346831527390684,0.9993291065521297,-1.0000000000000104
481,4.8100000000000005,0.3533306622857087,0.9993929506866812,-1.0000000000000102
482,4.82,0.35976512975560704,0.999450718989728,-1.00000000000001
483,4.83,0.36613557325067575,0.9995029901834013,-1.00000000000001
484,4.84,0.37244262981260656,0.9995502869514041,-1.0000000000000098
485,4.8500000000000005,0.3786869301366477,0.9995930828634189,-1.0000000000000095
486,4.86,0.3848690986329637,0.999631806281179,-1.0000000000000093
487,4.87,0.39098975348720133,0.9996668445075106,-1.000000000000009
488,4.88,0.39704950672025174,0.9996985485366201,-1.0000000000000089
489,4.89,0.40304896434533927,0.999727235471106,-1.0000000000000087
490,4.9,0.40898872641876455,0.9997531929011693,-1.0000000000000087
491,4.91,0.4148693869253876,0.9997766803912258,-1.0000000000000084
492,4.92,0.42069153393592196,0.9997979320084341,-1.0000000000000082
493,4.93,0.42645574966529937,0.9998171606782889,-1.000000000000008
494,4.94,0.432162610529749,0.9998345592510142,-1.0000000000000078
495,4.95,0.437812687203162,0.9998503025935374,-1.0000000000000075
496,4.96,0.4434065446727489,0.9998645472927132,-1.0000000000000073
497,4.97,0.44894474229398057,0.9998774363843118,-1.0000000000000073
498,4.98,0.45442783384482016,0.9998891002041482,-1.000000000000007
499,4.99,0.459856367602437,0.9998996535495092,-1.0000000000000069
500,5.0,0.46523083317809866,0.9999091929241605,-1.0000000000000067
501,5.01,0.4506515427921132,0.8095926689716797,-1.0000000000000064
502,5.0200000000000005,0.4362173187654074,0.6373871610805744,-1.0000000000000062
503,5.03,0.42192671765516593,0.4815691724275463,-1.0000000000000062
504,5.04,0.4077783104114755,0.3405792312538007,-1.000000000000006
505,5.05,0.3937706821890405,0.21300625331458875,-1.0000000000000058
506,5.0600000000000005,0.37990243219885383,0.09757343514184208,-1.0000000000000056
507,5.07,0.36617217359123744,-0.006874491854507385,-1.0000000000000053
508,5.08,0.3525785333434243,-0.10138288063336107,-1.000000000000005
509,5.09,0.33912015207126184,-0.18689760745722708,-1.0000000000000049
510,5.1000000000000005,0.32579568393077263,-0.26427453160343806,-1.0000000000000049
511,5.11,0.3126037964629496,-0.334288068586494,-1.0000000000000047
512,5.12,0.29954317046824597,-0.39763893925863064,-1.0000000000000044
513,5.13,0.28661249987477044,-0.45496117627785904,-1.0000000000000042
514,5.14,0.2738104916015466,-0.5068284806249981,-1.000000000000004
515,5.15,0.26113586544070133,-0.5537599577776864,-1.0000000000000038
516,5.16,0.24858735392258874,-0.5962253142690119,-1.0000000000000038
517,5.17,0.23616370226888594,-0.6346495578492194,-1.0000000000000036
518,5.18,0.2238636681480552,-0.669417251320998,-1.0000000000000033
519,5.19,0.2116860215605303,-0.7008763609938902,-1.000000000000003
520,5.2,0.19962954473057057,-0.7293417417249043,-1.0000000000000029
521,5.21,0.18769303197986492,-0.7550982843617138,-1.0000000000000027
522,5.22,0.1758752896025363,-0.778403757430223,-1.0000000000000024
523,5.23,0.16417513574152953,-0.7994914245608682,-1.0000000000000024
524,5.24,0.152591400266395,-0.8185723342600248,-1.0000000000000022
525,5.25,0.1411229246524517,-0.8358374593865235,-1.000000000000002
526,5.26,0.12976856191040081,-0.8514595904460109,-1.0000000000000018
527,5.2700000000000005,0.11852717684652414,-0.8655950782893005,-1.0000000000000016
528,5.28,0.10739764537303897,-0.8783853978796843,-1.0000000000000013
529,5.29,0.09637885451505304,-0.8899585575553774,-1.0000000000000013
530,5.3,0.08546970237792911,-0.9004303847662806,-1.000000000000001
531,5.3100000000000005,0.0746690980406689,-0.909905686178461,-1.0000000000000009
532,5.32,0.0639759614509502,-0.9184792933358792,-1.0000000000000007
533,5.33,0.05338922332180193,-0.9262370129273374,-1.0000000000000004
534,5.34,0.04290782502993618,-0.9332564875783976,-1.0000000000000002
535,5.3500000000000005,0.032530718515722215,-0.9396079719046432,-1.0
536,5.36,0.02225686612547259,-0.9453550324446882,-1.0
537,5.37,0.012085240188079022,-0.9505551883024141,-1.0
538,5.38,0.002014823462063872,-0.9552604835280765,-1.0
539,5.39,-0.007955391107059263,-0.9595180110021702,-1.0
540,5.4,-0.01782640053834534,-0.9633703809300567,-1.0
541,5.41,-0.027599191910907296,-0.9668561499361067,-1.0
542,5.42,-0.03727474245800074,-0.9700102039594091,-1.0
543,5.43,-0.04685401965968665,-0.9728641101128157,-1.0
544,5.44,-0.05633798133408584,-0.9754464309778553,-1.0
545,5.45,-0.06572757572721512,-0.977783011831433,-1.0
546,5.46,-0.07502374170654516,-0.9798972375038304,-1.0
547,5.47,-0.08422740926299045,-0.9818102681851498,-1.0
548,5.48,-0.09333949883574366,-0.9835412497928465,-1.0
549,5.49,-0.10236092164523185,-0.985107506806719,-1.0
550,5.5,-0.11129257984090885,-0.9865247146627523,-1.0
551,5.51,-0.1201353665899976,-0.9878070575422689,-1.0
552,5.5200000000000005,-0.12889016616514606,-0.9889673692904831,-1.0
553,5.53,-0.13755785403098725,-0.9900172628310795,-1.0
554,5.54,-0.1461392969296159,-0.9909672457168921,-1.0
555,5.55,-0.15463535296496592,-0.9918268258688938,-1.0
556,5.5600000000000005,-0.16304687172979473,-0.9926046061075133,-1.0
557,5.57,-0.17137469451022266,-0.9933083708456388,-1.0
558,5.58,-0.17961965411487094,-0.9939451634682422,-1.0
559,5.59,-0.18778257504866205,-0.9945213572948188,-1.0
560,5.6000000000000005,-0.1958642736082883,-0.9950427189921986,-1.0
561,5.61,-0.20386555796249767,-0.9955144666232627,-1.0
562,5.62,-0.21178722823140214,-0.9959413215148557,-1.0
563,5.63,-0.21963007656479472,-0.9963275558022229,-1.0
564,5.64,-0.2273948872194853,-0.9966770350164355,-1.0
565,5.65,-0.23508243663565234,-0.9969932566221155,-1.0
566,5.66,-0.2426934935624907,-0.9972793854007843,-1.0
567,5.67,-0.25022881922939116,-0.9975382860912494,-1.0
568,5.68,-0.2576891671882048,-0.9977725492411725,-1.0
569,5.69,-0.2650752834812358,-0.9979845194176812,-1.0
570,5.7,-0.2723879067241597,-0.9981763184860086,-1.0
571,5.71,-0.2796277681787794,-0.9983498657684569,-1.0
572,5.72,-0.2867955918248915,-0.9985068969637967,-1.0
573,5.73,-0.2938920944312718,-0.9986489850816546,-1.0
574,5.74,-0.3009179856257721,-0.9987775512661616,-1.0
575,5.75,-0.3078739679645402,-0.9988938827951899,-1.0
576,5.76,-0.3147607370409896,-0.9989991441752218,-1.0
577,5.7700000000000005,-0.3215789816560246,-0.9990943881192507,-1.0
578,5.78,-0.328329383631623,-0.9991805688380263,-1.0
579,5.79,-0.33501261801625565,-0.9992585480263173,-1.0
580,5.8,-0.34162935313795867,-0.9993291065644252,-1.0
581,5.8100000000000005,-0.3481802506703278,-0.9993929506604708,-1.0
582,5.82,-0.3546659656976556,-0.9994507189902881,-1.0
583,5.83,-0.36108714677922976,-0.9995029902063148,-1.0
584,5.84,-0.36744443601278803,-0.9995502869320876,-1.0
585,5.8500000000000005,-0.3737384690971488,-0.9995930828796263,-1.0
586,5.86,-0.3799698754571276,-0.9996318063977869,-1.0
587,5.87,-0.38613927834207795,-0.9996668445016716,-1.0
588,5.88,-0.39224729470515596,-0.9996985485446568,-1.0
589,5.89,-0.3982945353551691,-0.9997272354977143,-1.0
590,5.9,-0.4042816050198874,-0.9997531930064663,-1.0
591,5.91,-0.4102091024057065,-0.9997766804350662,-1.0
592,5.92,-0.4160776202566621,-0.9997979319113312,-1.0
593,5.93,-0.42188774541279433,-0.9998171605120402,-1.0
594,5.94,-0.4276400588678843,-0.9998345591441419,-1.0
595,5.95,-0.43333513582656635,-0.9998503024907607,-1.0
596,5.96,-0.4389735457608371,-0.9998645471135643,-1.0
597,5.97,-0.4445558524659614,-0.9998774363782438,-1.0
598,5.98,-0.45008261411769196,-0.999889100224299,-1.0
599,5.99,-0.45555438351618155,-0.9998996535995026,-1.0
600,6.0,-0.46097169402975474,-0.9999091809537789,-0.9999999893497914
601,6.01,-0.4464347834712235,-0.8095926810648376,0.26424112613703427
602,6.0200000000000005,-0.43204251690082207,-0.6373871597393164,0.7293294306477934
603,6.03,-0.4177934557718051,-0.4815691956202274,0.9004258574422849
604,6.04,-0.4036861751804186,-0.3405792509001459,0.9633687153993145
605,6.05,-0.3897192643802269,-0.2130062712647235,0.9865241019223854
606,6.0600000000000005,-0.3758913266591292,-0.09757346653485055,0.9950424935724967
607,6.07,-0.36220097921870753,0.006874453750312842,0.9981762365103684
608,6.08,-0.3486468530089922,0.10138282326014855,0.9993290760977175
609,6.09,-0.33522759260908,0.18689758113395216,0.9997531823273651
610,6.1000000000000005,-0.32194185608041775,0.2642744976349105,0.9999091986434461
611,6.11,-0.30878831483966307,0.3342880418229777,0.9999665947995996
612,6.12,-0.295765653520347,0.39763890977013866,0.9999877116985464
613,6.13,-0.28287256984685055,0.4549611467792597,0.9999954791944206
614,6.140000000000001,-0.2701077745261884,0.506828451996629,0.9999983380720836
615,6.15,-0.25746999113474367,0.5537599301798066,0.999999387307087
616,6.16,-0.2449579559024705,0.5962252891067926,0.9999997729155482
617,6.17,-0.23257041762299213,0.6346495382563916,0.9999999182728878
618,6.18,-0.22030613752556755,0.6694172361410842,0.9999999705312493
619,6.19,-0.20816388914722256,0.700876347831214,0.9999999884710679
620,6.2,-0.19614245820627987,0.7293417297755808,0.9999999956105705
621,6.21,-0.18424064247727107,0.7550982733787088,0.9999999983361005
622,6.22,-0.17245725166725215,0.7784037560439226,0.9999999996509801
623,6.23,-0.16079110729350576,0.7994914284622779,1.0000000006220402
624,6.24,-0.1492410427773579,0.8185723441775075,1.000000000905772
625,6.25,-0.13780590328693704,0.8358374705735278,1.0000000006579124
626,6.26,-0.1264845452871488,0.8514596026490104,1.000000000741323
627,6.2700000000000005,-0.11527583662380303,0.865595094387712,1.0000000006494503
628,6.28,-0.10417865641371979,0.8783854073210444,1.000000000382294
629,6.29,-0.09319189493589068,0.889958561347065,1.0000000002881326
630,6.3,-0.08231445352426334,0.9004303849375757,1.0000000002003233
631,6.3100000000000005,-0.07154524446213278,0.909905686350968,1.0000000001125138
632,6.32,-0.060883190878151826,0.9184792933639214,1.0000000000859144
633,6.33,-0.05032722664290289,0.92623701415754,1.0000000000832774
634,6.34,-0.03987629602521655,0.9332564897425384,1.0000000000806404
635,6.3500000000000005,-0.029529353766432127,0.9396079748377633,1.0000000000780034
636,6.36,-0.01928536515484764,0.9453550359846672,1.0000000000753664
637,6.37,-0.009143305786657327,0.9505551912263885,1.0000000000727294
638,6.38,0.0008978385327102212,0.9552604866969187,1.0000000000700924
639,6.390000000000001,0.010839071885840997,0.9595180140149989,1.0000000000674554
640,6.4,0.020681388339161257,0.96337038374456,1.0000000000648184
641,6.41,0.030425772037353783,0.9668561517973896,1.0000000000621814
642,6.42,0.040073197296347174,0.9700102056684512,1.0000000000595444
643,6.43,0.049624628706784774,0.9728641115053349,1.0000000000569074
644,6.44,0.059081021653720506,0.975446432582712,1.0000000000542704
645,6.45,0.06844332195565508,0.9777830131091975,1.0000000000516334
646,6.46,0.07771246585520583,0.9798972387491233,1.0000000000489964
647,6.47,0.08688938027546717,0.981810269064822,1.0000000000463594
648,6.48,0.09597498291128677,0.983541250762094,1.0000000000437224
649,6.49,0.10497018231942123,0.9851075076569502,1.0000000000410854
650,6.5,0.11387587800758407,0.9865247155657377,1.0000000000384484
651,6.51,0.12269296052237003,0.9878070581893291,1.0000000000358116
652,6.5200000000000005,0.13142231153606856,0.9889673699305844,1.0000000000331746
653,6.53,0.14006480394390303,0.9900172633380567,1.0000000000305376
654,6.54,0.14862130210942368,0.9909672462890949,1.0000000000279006
655,6.55,0.15709266173808795,0.9918268263351666,1.0000000000252636
656,6.5600000000000005,0.16547972997602503,0.9926046065760689,1.0000000000226266
657,6.57,0.17378334553627053,0.9933083711819112,1.0000000000199896
658,6.58,0.18200433878134664,0.9939451638253679,1.0000000000173526
659,6.59,0.19014353180482788,0.9945213576087956,1.0000000000147156
660,6.6000000000000005,0.1982017385119049,0.9950427193156842,1.0000000000120786
661,6.61,0.20617976469893676,0.9955144668634995,1.0000000000094416
662,6.62,0.2140784081320038,0.9959413214258115,1.0000000000068046
663,6.63,0.22189845864528387,0.9963275550307191,1.0000000000041676
664,6.640000000000001,0.2296406983594966,0.9966770343964294,1.000000000002604
665,6.65,0.2373059015357907,0.9969932564938804,1.0000000000025246
666,6.66,0.24489483470280976,0.9972793862344067,1.0000000000024456
667,6.67,0.25240825675890033,0.9975382877816207,1.0000000000023663
668,6.68,0.25984691904690266,0.9977725514861245,1.000000000002287
669,6.69,0.26721156542803565,0.9979845215137322,1.000000000002208
670,6.7,0.2745029323548718,0.9981763203201485,1.0000000000021287
671,6.71,0.2817217489434128,0.9983498663327278,1.0000000000020495
672,6.72,0.28886873704425214,0.9985068977634548,1.0000000000019704
673,6.73,0.29594461133170596,0.9986489853306136,1.0000000000018912
674,6.74,0.30295007952174857,0.9987775515827675,1.0000000000018119
675,6.75,0.3098858421657504,0.9988938832277225,1.0000000000017328
676,6.76,0.316752592848903,0.998999144104154,1.0000000000016536
677,6.7700000000000005,0.3235510182516092,0.9990943883822523,1.0000000000015743
678,6.78,0.3302817982173292,0.9991805687111383,1.0000000000014952
679,6.79,0.3369456058195574,0.9992585483341526,1.000000000001416
680,6.8,0.34354310742792504,0.9993291070456937,1.0000000000013367
681,6.8100000000000005,0.3500749627734489,0.999392950953299,1.0000000000012577
682,6.82,0.35654182501292553,0.9994507195057906,1.0000000000011784
683,6.83,0.3629443408401846,0.9995029903527198,1.0000000000010991
684,6.84,0.3692831506241244,0.9995502871909931,1.00000000000102
685,6.8500000000000005,0.3755588882639751,0.9995930830984551,1.0000000000009408
686,6.86,0.381772181341501,0.9996318063859642,1.0000000000008618
687,6.87,0.387923651190435,0.9996668448276453,1.0000000000007825
688,6.88,0.3940139129577553,0.9996985486845192,1.0000000000007032
689,6.890000000000001,0.40004357566428805,0.9997272356159462,1.0000000000006242
690,6.9,0.4060132422646411,0.999753192596748,1.000000000000545
691,6.91,0.41192350970648955,0.999776679427681,1.0000000000004656
692,6.92,0.41777496898921374,0.9997979312971128,1.0000000000003866
693,6.93,0.4235682052219095,0.9998171606728631,1.0000000000003073
694,6.94,0.42930379768078025,0.9998345601744799,1.000000000000228
695,6.95,0.4349823198659186,0.9998503038841635,1.000000000000149
696,6.96,0.44060433961120227,0.999864549583251,1.0000000000000793
697,6.97,0.4461704192030659,0.9998774399783464,1.000000000000079
698,6.98,0.45168111541901296,0.9998891034916731,1.0000000000000788
699,6.99,0.45713697951709903,0.9998996564741599,1.0000000000000786
700,7.0,0.4625385384683708,0.9999092015949257,1.0000000000000784
701,7.01,0.44798603897843214,0.8095926696308375,1.000000000000078
702,7.0200000000000005,0.43357833714987154,0.6373871715619712,1.0000000000000777
703,7.03,0.4193139943488679,0.481569189955397,1.0000000000000775
704,7.04,0.4051915841396239,0.3405792480748702,1.0000000000000773
705,7.05,0.39120969425984403,0.2130062718496557,1.000000000000077
706,7.0600000000000005,0.3773669262753335,0.09757347626736974,1.0000000000000768
707,7.07,0.36366189519976877,-0.006874468811597929,1.0000000000000766
708,7.08,0.3500932304424575,-0.1013828523011179,1.0000000000000764
709,7.09,0.3366595752150944,-0.18689758409205937,1.0000000000000762
710,7.1000000000000005,0.3233595863530977,-0.2642745088803503,1.0000000000000757
711,7.11,0.31019193417000707,-0.3342880467584574,1.0000000000000755
712,7.12,0.2971553023118691,-0.3976389153628639,1.0000000000000753
713,7.13,0.28424838761163507,-0.4549611517678562,1.000000000000075
714,7.140000000000001,0.2714698999435515,-0.5068284605078051,1.0000000000000748
715,7.15,0.2588185620770654,-0.5537599406448354,1.0000000000000746
716,7.16,0.24629310876347937,-0.5962252998869985,1.0000000000000744
717,7.17,0.23389228706053206,-0.6346495464339644,1.0000000000000742
718,7.18,0.22161485693303784,-0.669417242167961,1.000000000000074
719,7.19,0.2094595905656123,-0.7008763528067247,1.0000000000000737
720,7.2,0.19742527221142908,-0.7293417333349469,1.0000000000000733
721,7.21,0.18551069804096615,-0.7550982751681735,1.000000000000073
722,7.22,0.1737146759907628,-0.7784037578155237,1.0000000000000728
723,7.23,0.1620360256121703,-0.7994914306269486,1.0000000000000726
724,7.24,0.15047357792010865,-0.8185723473185473,1.0000000000000724
725,7.25,0.1390261754552242,-0.835837465364805,1.0000000000000722
726,7.26,0.1276926751014405,-0.8514595924684635,1.000000000000072
727,7.2700000000000005,0.11647194433227084,-0.8655950772047893,1.0000000000000717
728,7.28,0.10536286124064848,-0.8783853969269279,1.0000000000000715
729,7.29,0.09436431515089497,-0.889958556259551,1.0000000000000713
730,7.3,0.08347520650769522,-0.9004303834196666,1.0000000000000708
731,7.3100000000000005,0.07269444676506646,-0.9099056852042253,1.0000000000000706
732,7.32,0.062020958256966185,-0.9184792930309703,1.0000000000000704
733,7.33,0.051453673402459245,-0.926237013682272,1.0000000000000702
734,7.34,0.040991535242595176,-0.9332564895390602,1.00000000000007
735,7.3500000000000005,0.030633497512839836,-0.9396079739484884,1.0000000000000697
736,7.36,0.020378524277421206,-0.9453550346795007,1.0000000000000695
737,7.37,0.010225589808570487,-0.9505551890479103,1.0000000000000693
738,7.38,0.0001736784657725473,-0.955260484653356,1.000000000000069
739,7.390000000000001,-0.009778215421616304,-0.9595180115435114,1.0000000000000688
740,7.4,-0.019631086728642888,-0.9633703821024002,1.0000000000000684
741,7.41,-0.029385920213630082,-0.9668561503857197,1.0000000000000682
742,7.42,-0.039043691367209664,-0.9700102046241075,1.000000000000068
743,7.43,-0.0486053659977422,-0.9728641102569661,1.0000000000000677
744,7.44,-0.058071900336500414,-0.9754464316096303,1.0000000000000675
745,7.45,-0.06744424114284847,-0.9777830122040615,1.0000000000000673
746,7.46,-0.07672332580942963,-0.9798972381163683,1.000000000000067
747,7.47,-0.08591008218321461,-0.9818102683513191,1.0000000000000668
748,7.48,-0.09500542866825931,-0.9835412501515357,1.0000000000000666
749,7.49,-0.10401027480140079,-0.9851075069571782,1.0000000000000662
750,7.5,-0.11292552109742941,-0.9865247150610365,1.000000000000066
751,7.51,-0.1217520591470667,-0.9878070577199154,1.0000000000000657
752,7.5200000000000005,-0.13049077171604329,-0.9889673695710708,1.0000000000000655
753,7.53,-0.1391425328441721,-0.9900172629040656,1.0000000000000653
754,7.54,-0.14770820772086252,-0.9909672459399975,1.000000000000065
755,7.55,-0.15618865258327197,-0.9918268259831055,1.0000000000000648
756,7.5600000000000005,-0.16458471546739925,-0.9926046063262838,1.0000000000000646
757,7.57,-0.1728972360075842,-0.9933083709181154,1.0000000000000644
758,7.58,-0.18112704551783257,-0.9939451634498718,1.0000000000000642
759,7.59,-0.1892749670842389,-0.9945213565470589,1.0000000000000637
760,7.6000000000000005,-0.19734181565741343,-0.9950427182518353,1.0000000000000635
761,7.61,-0.20532839790461366,-0.9955144660759276,1.0000000000000633
762,7.62,-0.21323551239035254,-0.9959413212893449,1.000000000000063
763,7.63,-0.22106394961116393,-0.9963275565277531,1.0000000000000628
764,7.640000000000001,-0.22881449245076513,-0.9966770366077541,1.0000000000000626
765,7.65,-0.2364879160238228,-0.9969932587249414,1.0000000000000624
766,7.66,-0.24408498776550405,-0.9972793887082121,1.0000000000000622
767,7.67,-0.2516064675201131,-0.9975382890970559,1.000000000000062
768,7.68,-0.259053107491967,-0.9977725524468128,1.0000000000000617
769,7.69,-0.266425651772745,-0.9979845221275345,1.0000000000000613
770,7.7,-0.27372483750136756,-0.9981763206121496,1.000000000000061
771,7.71,-0.280951394596348,-0.9983498667565472,1.0000000000000608
772,7.72,-0.2881060457465564,-0.9985068978559511,1.0000000000000606
773,7.73,-0.2951895064885256,-0.9986489854787769,1.0000000000000604
774,7.74,-0.302202485282626,-0.9987775518734487,1.0000000000000602
775,7.75,-0.3091456835881198,-0.9988938841169365,1.00000000000006
776,7.76,-0.31601979593708224,-0.9989991449725043,1.0000000000000597
777,7.7700000000000005,-0.32282551000719945,-0.9990943891369185,1.0000000000000595
778,7.78,-0.3295635066934357,-0.999180569475545,1.0000000000000593
779,7.79,-0.33623446017857994,-0.9992585485376909,1.0000000000000588
780,7.8,-0.3428390377269724,-0.9993291072691468,1.0000000000000586
781,7.8100000000000005,-0.3493778991399798,-0.9993929511022066,1.0000000000000584
782,7.82,-0.355851698287409,-0.9994507196723973,1.0000000000000582
783,7.83,-0.36226108258191003,-0.9995029907397147,1.000000000000058
784,7.84,-0.36860669296451026,-0.9995502873667027,1.0000000000000577
785,7.8500000000000005,-0.37488916396022987,-0.9995930832905091,1.0000000000000575
786,7.86,-0.381109123732265,-0.9996318064693,1.0000000000000573
787,7.87,-0.3872671941347456,-0.9996668448342064,1.000000000000057
788,7.88,-0.3933639907640574,-0.999698548932314,1.0000000000000568
789,7.890000000000001,-0.399400123008738,-0.9997272357045318,1.0000000000000564
790,7.9,-0.4053761940979383,-0.999753192770321,1.0000000000000562
791,7.91,-0.41129280114846023,-0.99977667963016,1.000000000000056
792,7.92,-0.4171505354673503,-0.9997979318741024,1.0000000000000557
793,7.930000000000001,-0.4229499833908859,-0.9998171618115994,1.0000000000000555
794,7.94,-0.42869172591221816,-0.9998345610138742,1.0000000000000553
795,7.95,-0.43437633839821593,-0.9998503039578973,1.000000000000055
796,7.96,-0.44000438877037856,-0.9998645485686272,1.0000000000000548
797,7.97,-0.4455764391004127,-0.9998774380650608,1.0000000000000546
798,7.98,-0.45109304557129415,-0.9998891005180717,1.0000000000000542
799,7.99,-0.4565547611067356,-0.9998996530811269,1.000000000000054
800,8.0,-0.46196210525557013,-0.9999091828951567,1.0000000000000537
801,8.01,-0.4474154090406553,-0.8095926869108853,1.0000000000000535
802,8.02,-0.4330133850724835,-0.6373871818457235,1.0000000000000533
803,8.03,-0.41875466364953856,-0.4815691959766069,1.000000000000053
804,8.040000000000001,-0.4046378188753717,-0.3405792504212634,1.0000000000000528
805,8.05,-0.39066143899966704,-0.21300627216417956,1.0000000000000526
806,8.06,-0.37682412589992986,-0.09757347554617801,1.0000000000000524
807,8.07,-0.3631244956952674,0.006874467026392807,1.0000000000000522
808,8.08,-0.34956117847689083,0.10138285262875889,1.0000000000000517
809,8.09,-0.33613281807439604,0.18689758313431654,1.0000000000000515
810,8.1,-0.32283807190951685,0.2642745084271329,1.0000000000000513
811,8.11,-0.30967561084987905,0.3342880464084475,1.000000000000051
812,8.120000000000001,-0.29664411906275173,0.3976389149676771,1.0000000000000508
813,8.13,-0.28374229386824124,0.4549611516740889,1.0000000000000506
814,8.14,-0.2709688450274693,0.506828460782793,1.0000000000000504
815,8.15,-0.25832249491660986,0.5537599412204139,1.0000000000000502
816,8.16,-0.24580197891129768,0.5962252998633366,1.00000000000005
817,8.17,-0.23340604486501476,0.634649545720849,1.0000000000000497
818,8.18,-0.2211334529566523,0.6694172416345526,1.0000000000000493
819,8.19,-0.20898297553807305,0.7008763527207442,1.000000000000049
820,8.2,-0.19695339698167372,0.7293417329326081,1.0000000000000488
821,8.21,-0.18504351352794504,0.7550982742924747,1.0000000000000486
822,8.22,-0.1732521338338282,0.7784037569798171,1.0000000000000484
823,8.23,-0.16157808059865797,0.7994914312022704,1.0000000000000482
824,8.24,-0.1500201866269925,0.8185723457030775,1.000000000000048
825,8.25,-0.13857729609026687,0.8358374626960381,1.0000000000000477
826,8.26,-0.12724826458726632,0.8514595909427216,1.0000000000000475
827,8.27,-0.11603195901279087,0.8655950769208901,1.0000000000000473
828,8.28,-0.10492725742631956,0.8783853962911242,1.0000000000000469
829,8.290000000000001,-0.09393304892067296,0.8899585558810391,1.0000000000000466
830,8.3,-0.0830482335509571,0.900430382887983,1.0000000000000464
831,8.31,-0.07227172369402651,0.9099056849888314,1.0000000000000462
832,8.32,-0.061602442224380334,0.9184792927843077,1.000000000000046
833,8.33,-0.05103932221164492,0.9262370132335145,1.0000000000000457
834,8.34,-0.04058130729665848,0.9332564892638867,1.0000000000000455
835,8.35,-0.030227351573247047,0.9396079737346511,1.0000000000000453
836,8.36,-0.019976419470000728,0.9453550341003676,1.000000000000045
837,8.370000000000001,-0.009827485632047963,0.9505551887469728,1.0000000000000446
838,8.38,0.00022046519716113766,0.9552604842919927,1.0000000000000444
839,8.39,0.010168437725345036,0.9595180113995052,1.0000000000000442
840,8.4,0.020017425983750607,0.9633703818328733,1.000000000000044
841,8.41,0.029768414848457485,0.9668561502501837,1.0000000000000437
842,8.42,0.03942237944929169,0.9700102043589591,1.0000000000000435
843,8.43,0.04898028526322353,0.9728641101418469,1.0000000000000433
844,8.44,0.058443088223159204,0.9754464314580071,1.000000000000043
845,8.45,0.06781173482673225,0.9777830121345751,1.0000000000000429
846,8.46,0.0770871622450968,0.9798972379427779,1.0000000000000426
847,8.47,0.08627029791778545,0.9818102682666129,1.0000000000000422
848,8.48,0.09536206035881921,0.9835412500255745,1.000000000000042
849,8.49,0.10436335786803291,0.9851075069045444,1.0000000000000417
850,8.5,0.11327509063509003,0.9865247149670504,1.0000000000000415
851,8.51,0.12209814991445402,0.9878070576736189,1.0000000000000413
852,8.52,0.1308334181310501,0.9889673694752982,1.000000000000041
853,8.53,0.13948176898486772,0.9900172628607552,1.0000000000000409
854,8.540000000000001,0.14804406755450528,0.9909672458784231,1.0000000000000406
855,8.55,0.1565211703973924,0.9918268259841614,1.0000000000000404
856,8.56,0.1649139248504352,0.9926046062660064,1.0000000000000402
857,8.57,0.17322316968798238,0.9933083708891197,1.0000000000000397
858,8.58,0.18144973584555252,0.9939451632548091,1.0000000000000395
859,8.59,0.18959444601526876,0.9945213563728125,1.0000000000000393
860,8.6,0.19765811473080488,0.9950427182869568,1.000000000000039
861,8.61,0.20564154845075178,0.9955144661311331,1.0000000000000389
862,8.620000000000001,0.21354554564040656,0.995941321464974,1.0000000000000386
863,8.63,0.22137089685197525,0.9963275568986729,1.0000000000000384
864,8.64,0.22911838480321012,0.996677036580544,1.0000000000000382
865,8.65,0.23678878445445417,0.996993258927443,1.000000000000038
866,8.66,0.24438286300209558,0.9972793885983376,1.0000000000000377
867,8.67,0.25190137965128334,0.9975382891894806,1.0000000000000373
868,8.68,0.2593450862640335,0.9977725524752601,1.000000000000037
869,8.69,0.2667147272348498,0.9979845221445947,1.0000000000000369
870,8.700000000000001,0.27401103951361305,0.9981763207067407,1.0000000000000366
871,8.71,0.2812347526684577,0.9983498666980853,1.0000000000000364
872,8.72,0.28838658894688673,0.9985068979275773,1.0000000000000362
873,8.73,0.29546726333509954,0.9986489854500368,1.000000000000036
874,8.74,0.3024774836155519,0.9987775521652563,1.0000000000000357
875,8.75,0.30941795042274023,0.9988938841932654,1.0000000000000355
876,8.76,0.3162893573024968,0.9989991449781053,1.000000000000035
877,8.77,0.323092391966368,0.999094389233538,1.0000000000000349
878,8.78,0.32982773544261706,0.9991805693726371,1.0000000000000346
879,8.790000000000001,0.33649606128387227,0.9992585486116332,1.0000000000000344
880,8.8,0.34309803632893576,0.9993291072670953,1.0000000000000342
881,8.81,0.34963432076588935,0.999392951127841,1.000000000000034
882,8.82,0.35610556819417616,0.9994507197807893,1.0000000000000338
883,8.83,0.36251242568567665,0.9995029906794783,1.0000000000000335
884,8.84,0.36885553384477093,0.9995502873891017,1.0000000000000333
885,8.85,0.3751355268673898,0.9995930832708917,1.000000000000033
886,8.86,0.381353032599053,0.9996318064749492,1.0000000000000326
887,8.870000000000001,0.38750867271191697,0.9996668448965585,1.0000000000000324
888,8.88,0.3936030631660579,0.999698548841412,1.0000000000000322
889,8.89,0.3996368134677877,0.9997272357343983,1.000000000000032
890,8.9,0.405610527002608,0.999753192765829,1.0000000000000318
891,8.91,0.41152480114817785,0.9997766797442896,1.0000000000000315
892,8.92,0.4173802273327738,0.9997979321051276,1.0000000000000313
893,8.93,0.42317739109300917,0.9998171618092916,1.000000000000031
894,8.94,0.4289168721308105,0.9998345607881899,1.0000000000000309
895,8.950000000000001,0.4345992443696526,0.9998503036141846,1.0000000000000306
896,8.96,0.44022507601004707,0.999864548420862,1.0000000000000302
897,8.97,0.44579492958457123,0.9998774378342145,1.00000000000003
898,8.98,0.45130936207470745,0.9998891001602971,1.0000000000000298
899,8.99,0.45676892501144983,0.9998996531367877,1.0000000000000295
900,9.0,0.4621741068360182,0.9999092020624228,1.0000000000000293
901,9.01,0.44762524224296296,0.8095928097927083,1.000000000000029
902,9.02,0.43322113040273214,0.6373872893407938,1.0000000000000289
903,9.03,0.4189603418796989,0.48156928558655343,1.0000000000000286
904,9.040000000000001,0.40484145057314747,0.3405793215283383,1.0000000000000284
905,9.05,0.39086304443905373,0.2130063304601304,1.0000000000000282
906,9.06,0.3770237252636575,0.09757351464375917,1.0000000000000278
907,9.07,0.36332210909329554,-0.006874416218266607,1.0000000000000275
908,9.08,0.34975682586007106,-0.10138281215340295,1.0000000000000273
909,9.09,0.3363265192238735,-0.18689754665742106,1.000000000000027
910,9.1,0.3230298464257694,-0.2642744732548959,1.0000000000000269
911,9.11,0.3098654781413943,-0.3342880120146884,1.0000000000000266
912,9.120000000000001,0.29683209833426805,-0.39763888249811513,1.0000000000000264
913,9.13,0.28392840365564953,-0.45496112129505206,1.0000000000000262
914,9.14,0.2711531034945026,-0.5068284279426714,1.000000000000026
915,9.15,0.25850492031939704,-0.5537599080353957,1.0000000000000258
916,9.16,0.24598258921212413,-0.596225267169154,1.0000000000000253
917,9.17,0.23358485771462226,-0.6346495131161752,1.000000000000025
918,9.18,0.22131048567590164,-0.6694172083481172,1.0000000000000249
919,9.19,0.20915824509896966,-0.7008763177840093,1.0000000000000246
920,9.200000000000001,0.19712692006711602,-0.7293416987713053,1.0000000000000244
921,9.21,0.18521530846484688,-0.7550982396515663,1.0000000000000242
922,9.22,0.17342221974820515,-0.7784037226875129,1.000000000000024
923,9.23,0.16174647458643893,-0.7994913956465562,1.0000000000000238
924,9.24,0.150186905321665,-0.81857231081579,1.0000000000000235
925,9.25,0.13874235583625144,-0.8358374377444504,1.000000000000023
926,9.26,0.12741168142019987,-0.8514595699541726,1.0000000000000229
927,9.27,0.11619374863852812,-0.8655950605150328,1.0000000000000226
928,9.28,0.10508743538850951,-0.8783853807712753,1.0000000000000224
929,9.290000000000001,0.09409163184980199,-0.889958541405462,1.0000000000000222
930,9.3,0.08320523863085233,-0.900430370360303,1.000000000000022
931,9.31,0.07242716707452689,-0.9099056727553247,1.0000000000000218
932,9.32,0.06175633931186802,-0.9184792809399523,1.0000000000000215
933,9.33,0.05119168814194493,-0.9262370002920887,1.0000000000000213
934,9.34,0.04073215691170627,-0.9332564774093608,1.000000000000021
935,9.35,0.030376699395833,-0.9396079623175057,1.0000000000000207
936,9.36,0.020124279986965067,-0.9453550246078154,1.0000000000000204
937,9.370000000000001,0.009973874045046877,-0.9505551803663045,1.0000000000000202
938,9.38,-7.553342956433118e-05,-0.9552604769068691,1.00000000000002
939,9.39,-0.01002494740666618,-0.9595180043915935,1.0000000000000198
940,9.4,-0.019875362901091896,-0.9633703756535886,1.0000000000000195
941,9.41,-0.02962776508395547,-0.9668561448126118,1.0000000000000193
942,9.42,-0.039283129393894986,-0.9700101996118258,1.000000000000019
943,9.43,-0.048842421648315995,-0.972864105645906,1.0000000000000189
944,9.44,-0.05830659747087119,-0.9754464273537989,1.0000000000000187
945,9.450000000000001,-0.06767660320298166,-0.9777830083094476,1.0000000000000182
946,9.46,-0.07695337555479558,-0.9798972346247843,1.000000000000018
947,9.47,-0.08613784226512214,-0.9818102653000861,1.0000000000000178
948,9.48,-0.09523092187209294,-0.983541247374263,1.0000000000000175
949,9.49,-0.10423352382064408,-0.9851075043734556,1.0000000000000173
950,9.5,-0.11314654856891171,-0.9865247127047752,1.000000000000017
951,9.51,-0.12197088767040766,-0.9878070556340528,1.0000000000000169
952,9.52,-0.1307074230995467,-0.9889673676960097,1.0000000000000167
953,9.53,-0.13935702820164447,-0.9900172612113723,1.0000000000000164
954,9.540000000000001,-0.14792056794858588,-0.9909672443884204,1.0000000000000162
955,9.55,-0.15639889873413187,-0.991826824561012,1.0000000000000158
956,9.56,-0.16479286846321134,-0.9926046050416253,1.0000000000000155
957,9.57,-0.1731033166396613,-0.9933083697864703,1.0000000000000153
958,9.58,-0.18133107445243757,-0.9939451625836005,1.000000000000015
959,9.59,-0.18947696486028698,-0.994521356403935,1.0000000000000149
960,9.6,-0.19754180267488283,-0.9950427182693927,1.0000000000000147
961,9.61,-0.20552639464242334,-0.9955144659146732,1.0000000000000144
962,9.620000000000001,-0.21343153927687308,-0.9959413209192266,1.0000000000000142
963,9.63,-0.22125802681366397,-0.9963275552114391,1.000000000000014
964,9.64,-0.22900663993703518,-0.9966770344214103,1.0000000000000135
965,9.65,-0.23667815352268054,-0.9969932557714368,1.0000000000000133
966,9.66,-0.2442733346966074,-0.9972793849864371,1.000000000000013
967,9.67,-0.25179294290088733,-0.9975382858152053,1.0000000000000129
968,9.68,-0.2592377299575947,-0.9977725490521863,1.0000000000000127
969,9.69,-0.26660844013093327,-0.9979845194909643,1.0000000000000124
970,9.700000000000001,-0.27390581018755206,-0.9981763188980898,1.0000000000000122
971,9.71,-0.2811305694550424,-0.9983498655063308,1.000000000000012
972,9.72,-0.2882834400745234,-0.99850689698643,1.0000000000000118
973,9.73,-0.29536513833329364,-0.9986489849939731,1.0000000000000115
974,9.74,-0.30237637266412953,-0.9987775510119671,1.000000000000011
975,9.75,-0.3093178442040339,-0.998893882876899,1.0000000000000109
976,9.76,-0.3161902470998973,-0.9989991438196021,1.0000000000000107
977,9.77,-0.32299426857407443,-0.9990943881206885,1.0000000000000104
978,9.78,-0.32973058898890595,-0.9991805686889603,1.0000000000000102
979,9.790000000000001,-0.33639988191018566,-0.9992585478381901,1.00000000000001
980,9.8,-0.34300281416956735,-0.9993291065474306,1.0000000000000098
981,9.81,-0.3495400459259282,-0.9993929504315804,1.0000000000000095
982,9.82,-0.35601223072799687,-0.9994507190064406,1.0000000000000093
983,9.83,-0.362420016004511,-0.9995029900825304,1.000000000000009
984,9.84,-0.368764042790582,-0.999550286861863,1.0000000000000087
985,9.85,-0.3750449455011567,-0.9995930828812053,1.0000000000000084
986,9.86,-0.38126335223530344,-0.9996318061304725,1.0000000000000082
987,9.870000000000001,-0.38741988483781686,-0.9996668444949433,1.000000000000008
988,9.88,-0.3935151589600438,-0.9996985484695997,1.0000000000000078
989,9.89,-0.39954978411994724,-0.9997272357953761,1.0000000000000075
990,9.9,-0.405524363761386,-0.9997531934445184,1.0000000000000073
991,9.91,-0.4114394953126268,-0.9997766801777904,1.000000000000007
992,9.92,-0.4172957702440822,-0.999797931229732,1.0000000000000069
993,9.93,-0.42309377414696653,-0.9998171597120132,1.0000000000000067
994,9.94,-0.42883408688088204,-0.9998345588363308,1.0000000000000062
995,9.950000000000001,-0.4345172826051666,-0.9998503017276856,1.000000000000006
996,9.96,-0.44014392970611094,-0.9998645464665019,1.0000000000000058
997,9.97,-0.4457145907783957,-0.999877436703857,1.0000000000000056
998,9.98,-0.45122982276546236,-0.999889099970172,1.0000000000000053
999,9.99,-0.4566901772643416,-0.9998996533064651,1.000000000000005
